{"cameraMode":{"drawMode":0,"name":"Shaded","section":"Shading Mode"},"sceneLighting":true,"audioPlay":false,"sceneViewState":{"showFog":true,"showMaterialUpdate":false,"showSkybox":true,"showFlares":true,"showImageEffects":true,"showParticleSystems":true,"showVisualEffectGraphs":true,"m_FxEnabled":true},"in2DMode":false,"pivot":{"x":4.370492935180664,"y":-1.689803123474121,"z":0.8415747880935669},"rotation":{"x":-0.42423099279403689,"y":0.026343578472733499,"z":-0.012347357347607613,"w":-0.9050890803337097},"size":8.270543098449707,"orthographic":false}